/*
MySQL Data Transfer
Source Host: localhost
Source Database: goods
Target Host: localhost
Target Database: goods
Date: 2017/4/21 16:52:20
*/

SET FOREIGN_KEY_CHECKS=0;
-- ----------------------------
-- Table structure for auditinfo
-- ----------------------------
CREATE TABLE `auditinfo` (
  `auditid` int(11) NOT NULL AUTO_INCREMENT,
  `name` varchar(255) DEFAULT NULL,
  `status` int(11) DEFAULT NULL,
  `createtime` datetime DEFAULT NULL,
  `attachment` varchar(255) DEFAULT NULL,
  `des` varchar(255) DEFAULT NULL,
  PRIMARY KEY (`auditid`)
) ENGINE=InnoDB AUTO_INCREMENT=4 DEFAULT CHARSET=utf8;

-- ----------------------------
-- Table structure for menu
-- ----------------------------
CREATE TABLE `menu` (
  `MENU_ID` varchar(10) NOT NULL,
  `MENU_NAME` varchar(512) NOT NULL,
  `MENU_TYPE` decimal(10,0) DEFAULT NULL,
  `MENU_INDEX` decimal(10,0) DEFAULT NULL,
  `PARENT_ID` varchar(10) DEFAULT NULL,
  `URL` varchar(512) DEFAULT NULL,
  `TARGET` varchar(20) DEFAULT NULL,
  `RIGHT_ID` varchar(10) DEFAULT NULL,
  PRIMARY KEY (`MENU_ID`),
  KEY `FK_MENU_R_RIGHT` (`RIGHT_ID`),
  CONSTRAINT `FK_MENU_R_RIGHT` FOREIGN KEY (`RIGHT_ID`) REFERENCES `right_group` (`RIGHT_ID`) ON DELETE CASCADE
) ENGINE=InnoDB DEFAULT CHARSET=utf8 COMMENT='菜单';

-- ----------------------------
-- Table structure for right_group
-- ----------------------------
CREATE TABLE `right_group` (
  `RIGHT_ID` varchar(10) NOT NULL,
  `RIGHT_NAME` varchar(512) DEFAULT NULL,
  PRIMARY KEY (`RIGHT_ID`)
) ENGINE=InnoDB DEFAULT CHARSET=utf8 COMMENT='权限组';

-- ----------------------------
-- Table structure for right_url
-- ----------------------------
CREATE TABLE `right_url` (
  `RIGHT_ID` varchar(10) DEFAULT NULL,
  `URL` varchar(512) DEFAULT NULL,
  KEY `FK_R_U_R_R_G` (`RIGHT_ID`),
  CONSTRAINT `FK_R_U_R_R_G` FOREIGN KEY (`RIGHT_ID`) REFERENCES `right_group` (`RIGHT_ID`) ON DELETE CASCADE
) ENGINE=InnoDB DEFAULT CHARSET=utf8;

-- ----------------------------
-- Table structure for role
-- ----------------------------
CREATE TABLE `role` (
  `ROLE_ID` varchar(10) NOT NULL,
  `ROLE_NAME` varchar(512) NOT NULL,
  `PARENT_ROLE_ID` varchar(10) DEFAULT NULL,
  `DESCRIPTION` varchar(1024) DEFAULT NULL,
  PRIMARY KEY (`ROLE_ID`),
  KEY `FK_87od90a5o921t1ct7m1wdsa9d` (`PARENT_ROLE_ID`),
  CONSTRAINT `FK_87od90a5o921t1ct7m1wdsa9d` FOREIGN KEY (`PARENT_ROLE_ID`) REFERENCES `role` (`ROLE_ID`)
) ENGINE=InnoDB DEFAULT CHARSET=utf8 COMMENT='角色';

-- ----------------------------
-- Table structure for role_right
-- ----------------------------
CREATE TABLE `role_right` (
  `ROLE_ID` varchar(10) DEFAULT NULL,
  `RIGHT_ID` varchar(10) DEFAULT NULL,
  KEY `FK_R_R_R_R` (`ROLE_ID`),
  KEY `FK_R_R_R_R_G` (`RIGHT_ID`),
  CONSTRAINT `FK_R_R_R_R` FOREIGN KEY (`ROLE_ID`) REFERENCES `role` (`ROLE_ID`) ON DELETE CASCADE,
  CONSTRAINT `FK_R_R_R_R_G` FOREIGN KEY (`RIGHT_ID`) REFERENCES `right_group` (`RIGHT_ID`) ON DELETE CASCADE
) ENGINE=InnoDB DEFAULT CHARSET=utf8 COMMENT='角色权限';

-- ----------------------------
-- Table structure for tomcat_sessions
-- ----------------------------
CREATE TABLE `tomcat_sessions` (
  `session_id` varchar(100) NOT NULL,
  `valid_session` char(1) NOT NULL,
  `max_inactive` int(11) NOT NULL,
  `last_access` bigint(20) NOT NULL,
  `app_name` varchar(255) NOT NULL,
  `session_data` mediumblob,
  PRIMARY KEY (`session_id`),
  KEY `kapp_name` (`app_name`)
) ENGINE=InnoDB DEFAULT CHARSET=utf8;

-- ----------------------------
-- Table structure for user_info
-- ----------------------------
CREATE TABLE `user_info` (
  `username` varchar(20) NOT NULL,
  `nickname` varchar(255) DEFAULT NULL,
  `password` varchar(64) DEFAULT NULL,
  `workname` varchar(10) DEFAULT NULL,
  `state` varchar(40) DEFAULT NULL,
  `address` varchar(20) DEFAULT NULL,
  `phone` varchar(20) DEFAULT NULL,
  `roleid` varchar(20) DEFAULT NULL,
  PRIMARY KEY (`username`),
  KEY `FK_A_I_R_R` (`workname`),
  KEY `FK_Role` (`roleid`),
  CONSTRAINT `FK_Role` FOREIGN KEY (`roleid`) REFERENCES `role` (`ROLE_ID`) ON DELETE CASCADE
) ENGINE=InnoDB DEFAULT CHARSET=utf8 COMMENT='管理员信息';

-- ----------------------------
-- Records 
-- ----------------------------
INSERT INTO `auditinfo` VALUES ('1', null, '3', null, null, '11');
INSERT INTO `auditinfo` VALUES ('2', '1472123931638', '1', '2016-08-25 19:18:56', '1472123931638.doc', '234');
INSERT INTO `auditinfo` VALUES ('3', '我的文件', '1', '2016-08-25 19:27:29', '1472124449003.doc', '123');
INSERT INTO `menu` VALUES ('M000001', '用户面板', null, '9999', '-1', null, null, null);
INSERT INTO `menu` VALUES ('M000002', '修改密码', null, '9998', 'M000001', '/modifypwd.jsp', null, null);
INSERT INTO `menu` VALUES ('M000003', '修改资料', null, '9997', 'M000001', '/finduser.action', null, null);
INSERT INTO `menu` VALUES ('M000004', '退出登陆', null, '9996', 'M000001', '/logout.action', null, null);
INSERT INTO `menu` VALUES ('M100000', '用户管理', null, '9899', '-1', null, null, null);
INSERT INTO `menu` VALUES ('M100001', '添加用户', null, '9898', 'M100000', '/user/adduser.jsp', null, 'R000001');
INSERT INTO `menu` VALUES ('M100002', '用户列表', null, '9897', 'M100000', '/user/index.action', null, 'R000001');
INSERT INTO `menu` VALUES ('M200001', '编辑管理', null, '9895', '-1', null, null, null);
INSERT INTO `menu` VALUES ('M200002', '审核信息录入', null, '9894', 'M200001', '/audit/addaudit.jsp', null, 'R000002');
INSERT INTO `menu` VALUES ('M200003', '审核信息列表', null, '9893', 'M200001', '/audit/findeditlist.action', null, 'R000002');
INSERT INTO `menu` VALUES ('M300001', '部门管理', null, '9892', '-1', null, null, null);
INSERT INTO `menu` VALUES ('M300002', '审核信息列表', null, '9891', 'M300001', '/audit/findepartlist.action', null, 'R000003');
INSERT INTO `menu` VALUES ('M400001', '管理员管理', null, '9890', '-1', null, null, null);
INSERT INTO `menu` VALUES ('M400002', '审核信息列表', null, '9889', 'M400001', '/audit/findmanagerlist.action', null, 'R000004');
INSERT INTO `menu` VALUES ('M500001', '超级管理员管理', null, '9888', '-1', null, null, null);
INSERT INTO `menu` VALUES ('M500002', '审核信息列表', null, '9887', 'M500001', '/audit/findadminlist.action', null, 'R000001');
INSERT INTO `right_group` VALUES ('R000001', '超级管理员管理');
INSERT INTO `right_group` VALUES ('R000002', '用户管理');
INSERT INTO `right_group` VALUES ('R000003', '部门管理');
INSERT INTO `right_group` VALUES ('R000004', '管理员管理');
INSERT INTO `right_url` VALUES ('R000001', '/audit');
INSERT INTO `right_url` VALUES ('R000001', '/user');
INSERT INTO `right_url` VALUES ('R000002', '/audit');
INSERT INTO `right_url` VALUES ('R000003', '/audit');
INSERT INTO `right_url` VALUES ('R000004', '/audit');
INSERT INTO `role` VALUES ('R000001', '超级管理员', null, '超级管理员');
INSERT INTO `role` VALUES ('R000002', '编辑人员', null, '编辑人员');
INSERT INTO `role` VALUES ('R000003', '部门人员', null, '部门人员');
INSERT INTO `role` VALUES ('R000004', '管理员', null, '管理员');
INSERT INTO `role_right` VALUES ('R000001', 'R000001');
INSERT INTO `role_right` VALUES ('R000002', 'R000002');
INSERT INTO `role_right` VALUES ('R000003', 'R000003');
INSERT INTO `role_right` VALUES ('R000004', 'R000004');
INSERT INTO `tomcat_sessions` VALUES ('08DC65B115AF442B3DD73FB01982C963', '1', '86400', '1492764405870', '/Catalina/localhost/', 0xACED00057372000E6A6176612E6C616E672E4C6F6E673B8BE490CC8F23DF0200014A000576616C7565787200106A6176612E6C616E672E4E756D62657286AC951D0B94E08B02000078700000015B8FB09F337371007E00000000015B8FB1306E737200116A6176612E6C616E672E496E746567657212E2A0A4F781873802000149000576616C75657871007E000100015180737200116A6176612E6C616E672E426F6F6C65616ECD207280D59CFAEE0200015A000576616C75657870007371007E0006017371007E00000000015B8FB1306E74002030384443363542313135414634343242334444373346423031393832433936337371007E00040000000574000A6C6F67696E2E6D656E7573720018636F6D2E64756B65722E6D79676966742E766F2E547265652CA931ED31070D590200034C00086368696C6472656E7400104C6A6176612F7574696C2F4C6973743B4C0007656C656D656E747400164C6A6176612F696F2F53657269616C697A61626C653B4C0006706172656E7474001A4C636F6D2F64756B65722F6D79676966742F766F2F547265653B7870737200146A6176612E7574696C2E4C696E6B65644C6973740C29535D4A60882203000078707704000000067371007E000D7371007E00127704000000037371007E000D7371007E0012770400000000787372001B636F6D2E64756B65722E6D79676966742E6D6F64656C2E4D656E755C0626FED05C47020200094C00066D656E7549647400124C6A6176612F6C616E672F537472696E673B4C00096D656E75496E6465787400104C6A6176612F6C616E672F4C6F6E673B4C00086D656E754E616D6571007E00194C00086D656E75547970657400134C6A6176612F6C616E672F496E74656765723B4C0008706172656E74496471007E00194C000A706172656E744D656E7574001D4C636F6D2F64756B65722F6D79676966742F6D6F64656C2F4D656E753B4C000572696768747400234C636F6D2F64756B65722F6D79676966742F6D6F64656C2F526967687447726F75703B4C000674617267657471007E00194C000375726C71007E001978707400074D3030303030327371007E0000000000000000270E74000CE4BFAEE694B9E5AF86E7A081707400074D3030303030317371007E00187400074D3030303030317371007E0000000000000000270F74000CE794A8E688B7E99DA2E69DBF707400022D3170707070707074000E2F6D6F646966797077642E6A737071007E00147371007E000D7371007E0012770400000000787371007E00187400074D3030303030337371007E0000000000000000270D74000CE4BFAEE694B9E8B584E69699707400074D30303030303171007E002370707400102F66696E64757365722E616374696F6E71007E00147371007E000D7371007E0012770400000000787371007E00187400074D3030303030347371007E0000000000000000270C74000CE98080E587BAE799BBE99986707400074D30303030303171007E0023707074000E2F6C6F676F75742E616374696F6E71007E00147871007E002371007E00117371007E000D7371007E00127704000000027371007E000D7371007E0012770400000000787371007E00187400074D3130303030317371007E000000000000000026AA74000CE6B7BBE58AA0E794A8E688B7707400074D3130303030307371007E00187400074D3130303030307371007E000000000000000026AB74000CE794A8E688B7E7AEA1E79086707400022D3170707070737200346F72672E68696265726E6174652E70726F78792E706F6A6F2E6A61766173736973742E53657269616C697A61626C6550726F7879E09037B34A3C73880200084C000F636F6D706F6E656E744964547970657400224C6F72672F68696265726E6174652F747970652F436F6D706F73697465547970653B4C00186765744964656E7469666965724D6574686F64436C6173737400114C6A6176612F6C616E672F436C6173733B4C00176765744964656E7469666965724D6574686F644E616D6571007E00195B000A696E74657266616365737400125B4C6A6176612F6C616E672F436C6173733B4C000F70657273697374656E74436C61737371007E00494C00187365744964656E7469666965724D6574686F64436C61737371007E00494C00177365744964656E7469666965724D6574686F644E616D6571007E00195B00197365744964656E7469666965724D6574686F64506172616D7371007E004A7872002D6F72672E68696265726E6174652E70726F78792E416273747261637453657269616C697A61626C6550726F78793A8DEBD01102EB860200034C000A656E746974794E616D6571007E00194C0002696471007E000F4C0008726561644F6E6C797400134C6A6176612F6C616E672F426F6F6C65616E3B7870740021636F6D2E64756B65722E6D79676966742E6D6F64656C2E526967687447726F757074000752303030303031707076720021636F6D2E64756B65722E6D79676966742E6D6F64656C2E526967687447726F75707F3A13F47AB9F4130200044C00077269676874496471007E00194C000972696768744E616D6571007E00194C0005726F6C657374000F4C6A6176612F7574696C2F5365743B4C000475726C7371007E0051787074000A67657452696768744964757200125B4C6A6176612E6C616E672E436C6173733BAB16D7AECBCD5A99020000787000000001767200226F72672E68696265726E6174652E70726F78792E48696265726E61746550726F7879517E3626971BBE22020000787071007E005271007E005274000A736574526967687449647571007E005400000001767200106A6176612E6C616E672E537472696E67A0F0A4387A3BB3420200007870707400112F757365722F616464757365722E6A737071007E00397371007E000D7371007E0012770400000000787371007E00187400074D3130303030327371007E000000000000000026A974000CE794A8E688B7E58897E8A1A8707400074D31303030303071007E004271007E004D707400122F757365722F696E6465782E616374696F6E71007E00397871007E004271007E00117371007E000D7371007E00127704000000027371007E000D7371007E0012770400000000787371007E00187400074D3230303030327371007E000000000000000026A6740012E5AEA1E6A0B8E4BFA1E681AFE5BD95E585A5707400074D3230303030317371007E00187400074D3230303030317371007E000000000000000026A774000CE7BC96E8BE91E7AEA1E79086707400022D31707070707371007E004771007E004E74000752303030303032707071007E005271007E005371007E005571007E005271007E005271007E00587571007E00540000000171007E005B707400132F61756469742F61646461756469742E6A737071007E00657371007E000D7371007E0012770400000000787371007E00187400074D3230303030337371007E000000000000000026A5740012E5AEA1E6A0B8E4BFA1E681AFE58897E8A1A8707400074D32303030303171007E006E71007E00737074001A2F61756469742F66696E64656469746C6973742E616374696F6E71007E00657871007E006E71007E00117371007E000D7371007E00127704000000017371007E000D7371007E0012770400000000787371007E00187400074D3330303030327371007E000000000000000026A3740012E5AEA1E6A0B8E4BFA1E681AFE58897E8A1A8707400074D3330303030317371007E00187400074D3330303030317371007E000000000000000026A474000CE983A8E997A8E7AEA1E79086707400022D31707070707371007E004771007E004E74000752303030303033707071007E005271007E005371007E005571007E005271007E005271007E00587571007E00540000000171007E005B7074001B2F61756469742F66696E6465706172746C6973742E616374696F6E71007E007F7871007E008871007E00117371007E000D7371007E00127704000000017371007E000D7371007E0012770400000000787371007E00187400074D3430303030327371007E000000000000000026A1740012E5AEA1E6A0B8E4BFA1E681AFE58897E8A1A8707400074D3430303030317371007E00187400074D3430303030317371007E000000000000000026A274000FE7AEA1E79086E59198E7AEA1E79086707400022D31707070707371007E004771007E004E74000752303030303034707071007E005271007E005371007E005571007E005271007E005271007E00587571007E00540000000171007E005B7074001D2F61756469742F66696E646D616E616765726C6973742E616374696F6E71007E00917871007E009A71007E00117371007E000D7371007E00127704000000017371007E000D7371007E0012770400000000787371007E00187400074D3530303030327371007E0000000000000000269F740012E5AEA1E6A0B8E4BFA1E681AFE58897E8A1A8707400074D3530303030317371007E00187400074D3530303030317371007E000000000000000026A0740015E8B685E7BAA7E7AEA1E79086E59198E7AEA1E79086707400022D317070707071007E004D7074001B2F61756469742F66696E6461646D696E6C6973742E616374696F6E71007E00A37871007E00AC71007E001178707074000A6C6F67696E2E75726C73737200136A6176612E7574696C2E41727261794C6973747881D21D99C7619D03000149000473697A657870000000057704000000057400062F61756469747400062F61756469747400062F61756469747400062F61756469747400052F75736572787400106C6F67696E2E6E617669676174696F6E737200116A6176612E7574696C2E486173684D61700507DAC1C31660D103000246000A6C6F6164466163746F724900097468726573686F6C6478703F4000000000000C7708000000100000000A71007E006474001BE794A8E688B7E7AEA1E790862D2D3EE794A8E688B7E58897E8A1A871007E003074001BE794A8E688B7E99DA2E69DBF2D2D3EE4BFAEE694B9E8B584E6969971007E007E740021E7BC96E8BE91E7AEA1E790862D2D3EE5AEA1E6A0B8E4BFA1E681AFE58897E8A1A871007E0076740021E7BC96E8BE91E7AEA1E790862D2D3EE5AEA1E6A0B8E4BFA1E681AFE5BD95E585A571007E005C74001BE794A8E688B7E7AEA1E790862D2D3EE6B7BBE58AA0E794A8E688B771007E00A2740024E7AEA1E79086E59198E7AEA1E790862D2D3EE5AEA1E6A0B8E4BFA1E681AFE58897E8A1A871007E003874001BE794A8E688B7E99DA2E69DBF2D2D3EE98080E587BAE799BBE9998671007E00B174002AE8B685E7BAA7E7AEA1E79086E59198E7AEA1E790862D2D3EE5AEA1E6A0B8E4BFA1E681AFE58897E8A1A871007E0090740021E983A8E997A8E7AEA1E790862D2D3EE5AEA1E6A0B8E4BFA1E681AFE58897E8A1A871007E002874001BE794A8E688B7E99DA2E69DBF2D2D3EE4BFAEE694B9E5AF86E7A0817874000E6C6F67696E2E757365724E616D6574000561646D696E74000A6C6F67696E2E757365727372001F636F6D2E64756B65722E6D79676966742E6D6F64656C2E55736572496E666FD4B75033088738880200084C00076164647265737371007E00194C00086E69636B6E616D6571007E00194C000870617373776F726471007E00194C000570686F6E6571007E00194C0004726F6C6574001D4C636F6D2F64756B65722F6D79676966742F6D6F64656C2F526F6C653B4C0005737461746571007E001B4C0008757365726E616D6571007E00194C0008776F726B6E616D6571007E0019787070740009E7AEA1E79086E591987400013170707371007E00040000000171007E00C870);
INSERT INTO `user_info` VALUES ('admin', '管理员', '1', '1', '1', null, null, null);
INSERT INTO `user_info` VALUES ('bianji', '编辑人员', '1', '2', '1', null, null, 'R000002');
INSERT INTO `user_info` VALUES ('bumen', '部门人员', '1', '武汉匀溜', '1', '湖北武汉', '13928378273', 'R000002');
INSERT INTO `user_info` VALUES ('caigou', '采购员', '1', '李想10101001', '1', null, null, 'R000001');
